{"businessName":"Tony's Pizza","font":"helvetica","logoUrl":"","voiceoverUrl":"","videoUrl":"https://udwjyhoabfttxsztssrj.supabase.co/storage/v1/object/sign/video-assets/restaurants/pizza-restaurant/pizza-fixed.mp4?token=eyJhbGciOiJIUzI1NiIsInR5cCI6IkpXVCIsImtpZCI6InN0b3JhZ2UtdXJsLXNpZ25pbmcta2V5XzBhMTE2N2E2LWU0NTYtNDE4Mi05Y2Q3LWQwYzRlNmE0MGU1MyJ9.eyJ1cmwiOiJ2aWRlby1hc3NldHMvcmVzdGF1cmFudHMvcGl6emEtcmVzdGF1cmFudC9waXp6YS1maXhlZC5tcDQiLCJpYXQiOjE3NDc1MjQ3NjEsImV4cCI6MTc3OTA2MDc2MX0.dTB4rjYgq5KlGHUrYmlwh92nfiaAIMpIXauNuYQpR48"}